id;rusphrase
1;Он ходит.
2;Она бегает.
3;Идет дождь.
4;Ты читаешь.
5;Я работаю.
6;Мы играем.
7;Они поют.
8;Он пишет.
9;Она готовит.
10;Оно светит.
11;Ты танцуешь.
12;Я плаваю.
13;Мы разговариваем.
14;Они путешествуют.
15;Он преподает.
16;Она не ходит.
17;Он не бегает.
18;Дождь не идет.
19;Ты не читаешь.
20;Я не работаю.
21;Мы не играем.
22;Они не поют.
23;Он не пишет.
24;Она не готовит.
25;Оно не светит.
26;Ты не танцуешь.
27;Я не плаваю.
28;Мы не разговариваем.
29;Они не путешествуют.
30;Он не преподает.
31;Ты ходишь?
32;Она бегает?
33;Идет дождь?
34;Я читаю?
35;Мы работаем?
36;Они играют?
37;Он поет?
38;Она пишет?
39;Оно готовит?
40;Ты светишь?
41;Он танцует?
42;Я плаваю?
43;Мы разговариваем?
44;Они путешествуют?
45;Он преподает?
46;Они ходили.
47;Он бегал.
48;Шел дождь.
49;Ты читал.
50;Я работал.
51;Мы играли.
52;Они пели.
53;Он писал.
54;Она готовила.
55;Оно светило.
56;Ты танцевал.
57;Я плавал.
58;Мы разговаривали.
59;Они путешествовали.
60;Он преподавал.
61;Он не ходил.
62;Она не бегала.
63;Дождь не шел.
64;Ты не читал.
65;Я не работал.
66;Мы не играли.
67;Они не пели.
68;Он не писал.
69;Она не готовила.
70;Оно не светило.
71;Ты не танцевал.
72;Я не плавал.
73;Мы не разговаривали.
74;Они не путешествовали.
75;Он не преподавал.
76;Ты ходил?
77;Она бегала?
78;Шел дождь?
79;Я читал?
80;Мы работали?
81;Они играли?
82;Он пел?
83;Она писала?
84;Оно готовило?
85;Ты светил?
86;Он танцевал?
87;Я плавал?
88;Мы разговаривали?
89;Они путешествовали?
90;Он преподавал?
91;Он будет ходить.
92;Она будет бегать.
93;Пойдет дождь.
94;Ты будешь читать.
95;Я буду работать.
96;Мы будем играть.
97;Они будут петь.
98;Он будет писать.
99;Она будет готовить.
100;Оно будет светить.
101;Ты будешь танцевать.
102;Я буду плавать.
103;Мы будем разговаривать.
104;Они будут путешествовать.
105;Он будет преподавать.
106;Он не будет ходить.
107;Она не будет бегать.
108;Дождь не пойдет.
109;Ты не будешь читать.
110;Я не буду работать.
111;Мы не будем играть.
112;Они не будут петь.
113;Он не будет писать.
114;Она не будет готовить.
115;Оно не будет светить.
116;Ты не будешь танцевать.
117;Я не буду плавать.
118;Мы не будем разговаривать.
119;Они не будут путешествовать.
120;Он не будет преподавать.
121;Ты будешь ходить?
122;Она будет бегать?
123;Пойдет дождь?
124;Я буду читать?
125;Мы будем работать?
126;Они будут играть?
127;Он будет петь?
128;Она будет писать?
129;Оно будет готовить?
130;Ты будешь светить?
131;Он будет танцевать?
132;Я буду плавать?
133;Мы будем разговаривать?
134;Они будут путешествовать?
135;Он будет преподавать?
136;Я вижу его.
137;Она звонит мне.
138;Он доверяет ей.
139;Они знают нас.
140;Мы любим их.
141;Ты понимаешь меня.
142;Они помогли ей.
143;Он поприветствовал нас.
144;Я поддерживаю тебя.
145;Она помнит его.
146;Мы прощаем их.
147;Они скучают по нам.
148;Он следует за тобой.
149;Я учу её.
150;Она заботится о нас.
151;Мы доверяем ему.
152;Ты звонишь им.
153;Они защищают её.
154;Он верит нам.
155;Я благодарю тебя.
156;Она видит его.
157;Мы приглашаем их.
158;Они спрашивают нас.
159;Он посещает тебя.
160;Я помню её.
161;Она знает нас.
162;Мы встречаем его.
163;Ты показываешь им.
164;Они помогают мне.
165;Он пишет ей.
166;Я не вижу его.
167;Она не звонит мне.
168;Он не доверяет ей.
169;Они не знают нас.
170;Мы не любим их.
171;Ты не понимаешь меня.
172;Они не помогли ей.
173;Он не поприветствовал нас.
174;Я не поддерживаю тебя.
175;Она не помнит его.
176;Мы не прощаем их.
177;Они не скучают по нам.
178;Он не следует за тобой.
179;Я не учу её.
180;Она не заботится о нас.
181;Мы не доверяем ему.
182;Ты не звонишь им.
183;Они не защищают её.
184;Он не верит нам.
185;Я не благодарю тебя.
186;Она не видит его.
187;Мы не приглашаем их.
188;Они не спрашивают нас.
189;Он не посещает тебя.
190;Я не помню её.
191;Она не знает нас.
192;Мы не встречаем его.
193;Ты не показываешь им.
194;Они не помогают мне.
195;Он не пишет ей.
196;Кто его видит?
197;Почему она звонит мне?
198;Где он доверяет ей?
199;Как они знают нас?
200;Когда мы любим их?
201;Что ты понимаешь обо мне?
202;Почему они помогли ей?
203;Где он поприветствовал нас?
204;Как я поддерживаю тебя?
205;Когда она его помнит?
206;Почему мы прощаем их?
207;Как они скучают по нам?
208;Где он следует за тобой?
209;Что я учу её?
210;Почему она заботится о нас?
211;Когда мы доверяем ему?
212;Как ты звонишь им?
213;Почему они защищают её?
214;Когда он верит нам?
215;Как я благодарю тебя?
216;Где она видит его?
217;Почему мы их приглашаем?
218;Как они спрашивают нас?
219;Когда он посещает тебя?
220;Где я помню её?
221;Почему она знает нас?
222;Когда мы встречаем его?
223;Как ты показываешь им?
224;Почему они помогают мне?
225;Где он пишет ей?
226;Кто видел её?
227;Что ты сделал?
228;Куда они идут?
229;Когда она прибыла?
230;Почему ты спрашиваешь?
231;Как они сбежали?
232;Какую книгу ты хочешь?
233;Чья это машина?
234;Кому ты звонил?
235;Что он сказал?
236;Я здесь.
237;Она дома.
238;Он в офисе.
239;Мы в парке.
240;Они в кинотеатре.
241;Ты в машине.
242;Я был на пляже.
243;Она была на кухне.
244;Он был в школе.
245;Мы были в ресторане.
246;Они были в саду.
247;Ты был в магазине.
248;Я буду в библиотеке.
249;Она будет на вечеринке.
250;Он будет в спортзале.
251;Мы будем на концерте.
252;Они будут в парке.
253;Ты будешь на встрече.
254;Мне нравится читать.
255;Ей нравится танцевать.
256;Ему нравится плавать.
257;Нам нравится готовить.
258;Им нравится путешествовать.
259;Тебе нравится петь.
260;Я хочу есть.
261;Она хочет спать.
262;Он хочет играть.
263;Мы хотим идти.
264;Они хотят победить.
265;Ты хочешь учиться.
266;Я бы хотел отдохнуть.
267;Она бы хотела посетить.
268;Он бы хотел водить.
269;Мы бы хотели купить.
270;Они бы хотели помочь.
271;Ты бы хотел остаться.
272;Я в доме.
273;Она в офисе.
274;Он в городе.
275;Мы за городом.
276;Они в здании.
277;Ты в библиотеке.
278;Я дома.
279;Она на мероприятии.
280;Он на конференции.
281;Мы на выставке.
282;Они на фестивале.
283;Ты на встрече.
284;Я в постели.
285;Она на работе.
286;Он в школе.
287;Мы в классе.
288;Они на стадионе.
289;Ты в театре.
290;Я в музее.
291;Она в магазине.
292;Он в больнице.
293;Мы в церкви.
294;Они в зоопарке.
295;Ты в банке.
296;Ты хочешь есть?
297;Ей нравилось петь?
298;Он был в музее.
299;Мы не хотели уходить.
300;Они в офисе?
301;Она не дома.
302;Мне не нравилось ждать.
303;Он будет в парке?
304;Им нравится бегать.
305;Я хочу учиться.
306;Она была в лифте.
307;Тебе нравится танцевать?
308;Он не хотел играть.
309;Мы будем на вечеринке.
310;Ты в саду?
311;Ей нравится рисовать.
312;Я бы хотел путешествовать.
313;Он в библиотеке.
314;Мы хотим помочь.
315;Они были в машине.
316;Она в школе?
317;Мне нравится готовить.
318;Ты будешь на работе.
319;Он был в магазине.
320;Ей не нравится читать.
321;Они хотят уйти?
322;Мы в кафе.
323;Ты в кинотеатре?
324;Я не хотел говорить.
325;Она хочет водить.
326;Он был в парке.
327;Им понравится посетить?
328;Я не дома.
329;Ты был в городе.
330;Она бы хотела поесть.
331;Мы на концерте.
332;Ему не нравилось плавать.
333;Они в комнате?
334;Я хочу быть там.
335;Она будет в спортзале.
336;Это твоя книга?
337;Это мой дом.
338;Она его подруга.
339;Это наша машина.
340;Это их родители.
341;Это её ключи.
342;Он мой брат.
343;Мы любим нашу собаку.
344;Это его телефон?
345;Это наши учителя.
346;Ей нравится её работа.
347;Это твоя шляпа.
348;Он их сын.
349;Мы твои друзья.
350;Это их дом.
351;Она наша дочь.
352;Он будет их менеджером.
353;Это мой блокнот.
354;Они его коллеги.
355;Мы были их соседями.
356;Это её сумка.
357;Он наш доктор.
358;Это твой стул.
359;Она будет моей начальницей.
360;Это наши клиенты.
361;Это его идея.
362;Мы были их клиентами.
363;Это её ручка.
364;Он мой герой.
365;Они их игроки.
366;Это наш проект.
367;Она его ассистентка.
368;Это твоя ответственность.
369;Он наш инженер.
370;Они будут моими инвесторами.
371;Это его компьютер.
372;Она их подруга.
373;Мы их партнеры.
374;Это её выбор.
375;Он наш повар.
376;Это твой стол.
377;Они мои товарищи по команде.
378;Это наша компания.
379;Она их наставница.
380;Он был моим учителем.
381;Это её часы.
382;Они его родственники.
383;Мы были твоими поклонниками.
384;Это её план.
385;Он будет нашим гидом.
386;Это их офис.
387;Она наша медсестра.
388;Это мое решение.
389;Они были его студентами.
390;Это их сад.
391;Он её друг.
392;Мы их союзники.
393;Это твоя книга.
394;Она была нашей тренершей.
395;Это его отчет.
396;Они будут их сторонниками.
397;Он наш сосед.
398;Это её картина.
399;Мы твои одноклассники.
400;Это моя гитара.
401;Она наш лидер.
402;Это было его решение.
403;Они мои домашние питомцы.
404;Это их лодка.
405;Он её студент.
406;Мы его команда.
407;Это твоя машина.
408;Она была моей медсестрой.
409;Это наша школа.
410;Они её гости.
411;Он их водитель.
412;Это моя идея.
413;Мы твои родственники.
414;Это её стул.
415;Она наш сотрудник.
416;Он был их тренером.
417;Это его проект.
418;Они будут нашими сторонниками.
419;Она его подруга.
420;Это их класс.
421;Он наш подрядчик.
422;Это была её цель.
423;Мы ваши консультанты.
424;Это его рюкзак.
425;Они мои клиенты.
426;Она их архитектор.
427;Это наша мебель.
428;Он был её советником.
429;Мы их дизайнеры.
430;Это твой ноутбук.
431;Она наш планировщик.
432;Он их инвестор.
433;Это было его достижение.
434;Они мои агенты.
435;Мы были её сторонниками.
436;Ты учишься на учителя?
437;Она инженер.
438;Они работают в школе учителями.
439;Я учился на медсестру.
440;Он будет архитектором.
441;Они врачи?
442;Я работаю в офисе менеджером.
443;Мы дизайнеры.
444;Она учится на юриста.
445;Он пилот.
446;Они будут работать в больнице медсестрами.
447;Я ученый.
448;Ты хочешь быть художником?
449;Она будет стоматологом.
450;Они были студентами.
451;Он работает программистом.
452;Мы учимся на музыкантов.
453;Она журналист.
454;Он будет учиться на фармацевта.
455;Я работаю в библиотеке библиотекарем.
456;Они актеры.
457;Она училась на бухгалтера.
458;Он пожарный.
459;Мы работаем в ресторане поварами.
460;Она будет ветеринаром.
461;Я фотограф.
462;Они хотят быть писателями.
463;Он работает механиком.
464;Мы учимся на психологов.
465;Она певица.
466;Он будет учиться на геолога.
467;Я работаю в студии продюсером.
468;Они спортсмены.
469;Она училась на биолога.
470;Он экономист.
471;Мы работаем в магазине продавцами.
472;Она будет редактором.
473;Я пилот.
474;Они учатся на переводчиков.
475;Он работает электриком.
476;Мы будем учиться на архитекторов.
477;Она пекарь.
478;Он будет учиться на повара.
479;Я работаю в театре режиссером.
480;Они модели.
481;Она училась на художника.
482;Он юрист.
483;Мы работаем в спортзале тренерами.
484;Она будет инженером.
485;Я медсестра.
486;Они хотят быть певцами.
487;Он работает банкиром.
488;Мы учимся на архитекторов.
489;Она танцовщица.
490;Он будет учиться на учителя.
491;Я работаю в музее куратором.
492;Они фотографы.
493;Она училась на журналиста.
494;Он бухгалтер.
495;Мы работаем в больнице медсестрами.
496;Она будет ученым.
497;Я актер.
498;Они учатся на историков.
499;Он работает садовником.
500;Мы будем учиться на инженеров.
501;Она механик.
502;Он будет учиться на биолога.
503;Я работаю в школе консультантом.
504;Они музыканты.
505;Она училась на юриста.
506;Он стоматолог.
507;Мы работаем в лаборатории техниками.
508;Она будет математиком.
509;Я писатель.
510;Они хотят быть художниками.
511;Он работает журналистом.
512;Мы учимся на химиков.
513;Она историк.
514;Он будет учиться на экономиста.
515;Я работаю в банке кассиром.
516;Они актеры.
517;Она училась на музыканта.
518;Он пилот.
519;Мы работаем в студии дизайнерами.
520;Она будет фармацевтом.
521;Я редактор.
522;Они учатся на учителей.
523;Он работает поваром.
524;Мы будем учиться на ветеринаров.
525;Она переводчик.
526;Он будет учиться на врача.
527;Я работаю в компании инженером.
528;Они дизайнеры.
529;Она училась на писателя.
530;Он ветеринар.
531;Мы работаем в больнице врачами.
532;Она будет психологом.
533;Я музыкант.
534;Они хотят быть учеными.
535;Он работает учителем.
536;Эта книга интереснее той?
537;Эта машина самая быстрая.
538;Этот торт слаще того?
539;Эти яблоки самые свежие.
540;Эта улица оживленнее той.
541;Эти задачи легче тех?
542;Этот цветок ароматнее того.
543;Этот фильм длиннее того?
544;Эта куртка теплее той.
545;Эти упражнения труднее тех?
546;Этот парк самый популярный.
547;Это блюдо вкуснее того.
548;Эти стулья удобнее тех?
549;Эта картина четче той.
550;Эти книги самые тяжелые.
551;Эта песня лучше той.
552;Этот ноутбук легче того?
553;Эти деревья самые высокие.
554;Этот кофе крепче того.
555;Эта история смешнее той?
556;Эти игры самые захватывающие.
557;Эта проблема проще той.
558;Эти фрукты слаще тех?
559;Этот тест самый сложный.
560;Этот велосипед дороже того?
561;Эти щенки самые милые.
562;Эта дорога безопаснее той.
563;Этот торт мягче того?
564;Эти рубашки самые симпатичные.
565;Эта работа интереснее той.
566;Эта кошка тише той?
567;Эти компьютеры самые быстрые.
568;Этот стул устойчивее того.
569;Этот экзамен проще того?
570;Эти сумки практичнее тех.
571;Этот игрок лучше того.
572;Эти карандаши острее тех?
573;Этот отель самый дорогой.
574;Это решение лучше того.
575;Этот торт слаще того?
576;Эти картины самые ценные.
577;Эта рыба свежее той.
578;Эта книга толще той?
579;Эти упражнения короче тех.
580;Это яблоко больше того.
581;Эта музыка громче той?
582;Эти пляжи самые чистые.
583;Этот проект сложнее того.
584;Этот сад красивее того?
585;Эти стулья жестче тех.
586;Этот телефон новее того.
587;Эта река шире той?
588;Этот торт самый вкусный.
589;Эти дороги уже тех.
590;Эта ручка красочнее той.
591;Эти проблемы меньше тех?
592;Эта трава зеленее той.
593;Эти рубашки чище тех.
594;Эта книга новее той?
595;Эти цветы самые свежие.
596;Этот проект самый сложный.
597;Этот кофе горячее того?
598;Эти котята самые милые.
599;Это небо голубее того.
600;Эти экзамены проще тех?
601;Этот телевизор больше того.
602;Эти машины самые быстрые.
603;Этот город оживленнее того.
604;Эти стулья прочнее тех?
605;Этот компьютер мощнее того.
606;Эти блюда самые вкусные.
607;Эта картина более известна, чем та.
608;Этот сад красивее того?
609;Эти стулья удобнее тех.
610;Этот экзамен сложнее того.
611;Эти карандаши острее тех?
612;Этот парк самый спокойный.
613;Эти книги информативнее тех.
614;Этот напиток холоднее того?
615;Эти туфли самые стильные.
616;Этот фильм более драматичный, чем тот.
617;Эти дома современнее тех?
618;Этот мост устойчивее того.
619;Эти апельсины самые сочные.
620;Этот парк больше того.
621;Эти цветы красочнее тех?
622;Этот проект самый важный.
623;Эти стулья привлекательнее тех.
624;Этот фрукт слаще того.
625;Эта книга интереснее той?
626;Эти туфли самые удобные.
627;Этот дом больше того?
628;Эта машина самая быстрая.
629;Эти картины самые красивые.
630;Эта комната чище той?
631;Эта улица самая оживленная.
632;Эти задачи легче тех.
633;Этот цветок ароматнее того?
634;Этот фильм самый длинный.
635;Эти куртки теплее тех?
636;Сколько воды ты пьешь ежедневно?
637;У тебя много друзей?
638;Она не съела много еды.
639;Сколько машин на парковке?
640;Нам нужно много информации для завершения проекта.
641;Сколько у тебя времени?
642;У них много вопросов.
643;Осталось много работы?
644;Сколько человек присутствовало на встрече?
645;У нас осталось мало молока.
646;В классе мало студентов.
647;Сколько денег ты потратил?
648;У нее много книг.
649;В комнате много шума?
650;Сколько яблок в корзине?
651;У него мало времени.
652;Они владеют многими недвижимостями.
653;Мы выпили много кофе.
654;Сколько стульев в зале?
655;В банке мало сахара.
656;Сколько у тебя кошек?
657;Она купила много подарков.
658;На дороге много движения?
659;У нас осталось мало вариантов.
660;Он проводит много времени за учебой.
661;Сколько ручек в коробке?
662;Они не видели много птиц.
663;В природе много красоты.
664;Сколько стран ты посетил?
665;У нас много работы.
666;У нее мало друзей.
667;В бутылке много воды?
668;Сколько цветов в саду?
669;У них мало терпения.
670;Сколько песен на альбоме?
671;У него мало одежды.
672;В этой семье много любви.
673;Сколько языков ты знаешь?
674;Нам нужно много поддержки для этого проекта.
675;У нее много талантов.
676;В комнате много света?
677;Сколько у тебя пар обуви?
678;У них мало времени для завершения задания.
679;Сколько стульев нам нужно?
680;Он прочитал много книг за лето.
681;В ее словах много мудрости.
682;Сколько студентов сдали экзамен?
683;Мы очень уверены в нашей команде.
684;У нее мало интересов.
685;В холодильнике много еды?
686;Сколько у них собак?
687;У них мало знаний по этому предмету.
688;Сколько идей у тебя появилось?
689;У него мало энергии.
690;Есть много причин для счастья.
691;Нам нужно много помощи с этой проблемой.
692;Сколько дней до праздника?
693;У нее мало мотивации.
694;Осталось много молока?
695;Сколько яблок ты купил?
696;У них много опыта.
697;Сколько стульев доступно?
698;У нас мало места.
699;Сколько заданий осталось?
700;Он не нашел много информации.
701;Есть много возможностей.
702;В блюде много соли?
703;Сколько комнат в доме?
704;У них мало времени для отдыха.
705;Сколько проблем было решено?
706;У нее много креативности.
707;Нам нужно много добровольцев.
708;Сколько чашек на столе?
709;У него мало денег.
710;В сковороде много масла?
711;Сколько друзей тебя посетило?
712;У них много ответственности.
713;Сколько книг на полке?
714;У нас мало шансов на успех.
715;Сколько вопросов они задали?
716;Она не пьет много кофе.
717;В классе много студентов.
718;На пляже много песка?
719;Сколько дней ты пробыл?
720;У них мало удачи.
721;Сколько фильмов ты посмотрел?
722;Он ест много фруктов.
723;Нам нужно много примеров.
724;В скольких городах ты жил?
725;У нее мало радости.
726;В прогнозе много дождя?
727;Сколько там учителей?
728;Они его очень уважают.
729;Сколько звезд ты можешь увидеть?
730;У нас осталось мало энергии.
731;Сколько блюд ты приготовил?
732;Он не получил много отзывов.
733;Есть много ответов.
734;В рецепте много сахара?
735;Сколько сообщений ты отправил?
736;Она не повернула нас 6 месяцев назад.
737;Он будет расти через 2 месяца?
738;Я расскажу тебе через 6 месяцев.
739;Ты будешь там через 6 месяцев?
740;Она любила их в выходные?
741;Мы переехали сюда год назад.
742;Он закончил проект 2 недели назад.
743;Она начала свою новую работу 3 месяца назад.
744;Они посетили нас в прошлом месяце.
745;Мы посмотрели фильм на прошлых выходных.
746;Я позвонил ему час назад.
747;Она прочитала книгу несколько дней назад.
748;Он ушел из офиса несколько минут назад.
749;Они приехали неделю назад.
750;Мы встретились с ними прошлой ночью.
751;Она купила машину 6 месяцев назад.
752;Он присоединился к команде 2 года назад.
753;Они путешествовали в Японию прошлым летом.
754;Я закончил курс месяц назад.
755;Она получила посылку вчера.
756;Он написал отчет в прошлую пятницу.
757;Они начали проект в прошлом году.
758;Мы убрали дом на прошлых выходных.
759;Она приготовила ужин час назад.
760;Он отремонтировал машину несколько дней назад.
761;Они посетили музей в прошлом месяце.
762;Мы посадили цветы прошлой весной.
763;Она закончила книгу неделю назад.
764;Он покрасил дом прошлым летом.
765;Они организовали мероприятие в прошлом году.
766;Мы украсили комнату на прошлых выходных.
767;Она подготовила презентацию прошлой ночью.
768;Он убрал гараж несколько дней назад.
769;Они посмотрели шоу в прошлую пятницу.
770;Мы обновили программное обеспечение в прошлом месяце.
771;Она испекла торт час назад.
772;Он починил компьютер несколько минут назад.
773;Они посетили парк на прошлых выходных.
774;Мы путешествовали в Лондон в прошлом году.
775;Она закончила проект прошлой ночью.
776;Он приготовил завтрак несколько дней назад.
777;Они убрали сад на прошлых выходных.
778;Мы покрасили забор прошлым летом.
779;Она обновила сайт в прошлом месяце.
780;Он написал письмо час назад.
781;Они организовали встречу в прошлую пятницу.
782;Мы завершили задачу неделю назад.
783;Она посетила врача вчера.
784;Он отремонтировал велосипед на прошлых выходных.
785;Они посмотрели фильм прошлой ночью.
786;Мы помыли окна прошлой весной.
787;Она закончила отчет несколько дней назад.
788;Он покрасил комнату в прошлом месяце.
789;Они организовали вечеринку в прошлом году.
790;Мы украсили дом на прошлое Рождество.
791;Она приготовила ужин прошлой ночью.
792;Он починил дверь несколько минут назад.
793;Они посетили пляж на прошлых выходных.
794;Мы путешествовали в Париж прошлым летом.
795;Она закончила задание неделю назад.
796;Он приготовил обед несколько дней назад.
797;Они убрали дом на прошлой неделе.
798;Мы покрасили сарай прошлой весной.
799;Она обновила документ вчера.
800;Он написал статью час назад.
801;Они организовали конференцию в прошлом месяце.
802;Мы завершили проект год назад.
803;Она посетила библиотеку в прошлую пятницу.
804;Он отремонтировал крышу прошлым летом.
805;Они посмотрели спектакль прошлой ночью.
806;Мы убрали чердак на прошлых выходных.
807;Она закончила картину неделю назад.
808;Он покрасил стены в прошлом месяце.
809;Они организовали мастерскую в прошлом году.
810;Мы украсили офис на прошлое Рождество.
811;Она приготовила завтрак вчера.
812;Он починил кран несколько минут назад.
813;Они посетили зоопарк на прошлых выходных.
814;Мы путешествовали в Италию прошлым летом.
815;Она закончила диссертацию месяц назад.
816;Он приготовил ужин несколько дней назад.
817;Они помыли машину на прошлой неделе.
818;Мы покрасили террасу прошлой весной.
819;Она обновила профиль вчера.
820;Он написал предложение час назад.
821;Они организовали семинар в прошлом месяце.
822;Мы завершили задачу прошлой ночью.
823;Она посетила салон в прошлую пятницу.
824;Он отремонтировал окно прошлым летом.
825;Они посмотрели концерт прошлой ночью.
826;Мы убрали гараж на прошлых выходных.
827;Она закончила рассказ несколько дней назад.
828;Он покрасил гараж в прошлом месяце.
829;Они организовали встречу в прошлом году.
830;Мы украсили елку на прошлое Рождество.
831;Она подготовила презентацию вчера.
832;Он починил раковину несколько минут назад.
833;Они посетили театр на прошлых выходных.
834;Мы путешествовали в Германию прошлым летом.
835;Она закончила исследование месяц назад.
836;На столе есть книга.
837;Под столом находятся мячи.
838;Под стулом есть мяч.
839;В коробке есть игрушки.
840;Возле дома была кошка.
841;В классе были студенты.
842;Встреча будет в 5 часов.
843;За гаражом стоит машина.
844;На стене есть картины.
845;Под столом была собака.
846;На полке были книги.
847;Вечеринка будет на следующей неделе.
848;В холодильнике есть молоко.
849;В саду есть цветы.
850;Было письмо для тебя.
851;На дереве были яблоки.
852;На вечеринке будут гости.
853;На столе есть ручка.
854;В раковине есть посуда.
855;За занавеской был паук.
856;В парке были дети.
857;Завтра будет концерт.
858;В ящике есть ключ.
859;Вокруг стола есть стулья.
860;На крыше была птица.
861;На улице были машины.
862;Зимой будет снег.
863;На стене есть часы.
864;В чашке есть карандаши.
865;Возле реки было дерево.
866;В небе были облака.
867;Вечером будет дождь.
868;На столе есть карта.
869;На кровати есть одеяла.
870;В книге была записка.
871;На пляже были люди.
872;В субботу будет парад.
873;В чашке есть кофе.
874;На прикроватной тумбочке есть лампы.
875;В рамке была фотография.
876;В банке были печенья.
877;На мероприятии будет музыка.
878;Под столом есть ковёр.
879;Возле двери есть обувь.
880;В коридоре был чемодан.
881;В небе были звезды.
882;На вечеринке будет еда.
883;На столе есть компьютер.
884;В библиотеке есть книги.
885;В бутылке была вода.
886;В альбоме были фотографии.
887;В саду будут цветы.
888;На стуле есть куртка.
889;Под кроватью есть игрушки.
890;В конверте была открытка.
891;В лесу были деревья.
892;В небе будут звезды.
893;На прикроватной тумбочке есть лампа.
894;В кухне есть стулья.
895;На столе была книга.
896;В шкафу была одежда.
897;Сегодня вечером будет фильм.
898;В миске есть сахар.
899;В комнате есть окна.
900;На прилавке был телефон.
901;На дереве были огни.
902;На ярмарке будут игры.
903;Возле стола есть стул.
904;Под кроватью есть обувь.
905;На стене была картина.
906;На земле были листья.
907;Сегодня вечером будет шторм.
908;На стуле есть шляпа.
909;На парковке есть машины.
910;В пруду была лягушка.
911;На полу были игрушки.
912;На столе будет книга.
913;Возле дома есть собака.
914;В ящике есть ручки.
915;В клетке была птица.
916;На концерте были люди.
917;На столе будет лампа.
918;В саду есть дерево.
919;В коробке есть перчатки.
920;На прилавке была чашка.
921;В шкафу были туфли.
922;На столе будут цветы.
923;Под стулом есть кошка.
924;В корзине есть мячи.
925;Во дворе была собака.
926;На торте были свечи.
927;В библиотеке будут книги.
928;На камине есть часы.
929;В посудомоечной машине есть посуда.
930;В почтовом ящике было письмо.
931;На столе были карандаши.
932;В комнате будут стулья.
933;На полке есть ваза.
934;В ванной комнате есть полотенца.
935;В аквариуме была рыба.
936;Он идет на станцию?
937;Ты не выйдешь из сада.
938;В комнате не будет шкафов.
939;На подоконнике будет чашка.
940;Под столом были стаканы?
941;Она бежит в парк.
942;Он приходит из офиса.
943;Они входят в здание.
944;Мы выбегаем из магазина.
945;Она едет в торговый центр.
946;Он летит из Лондона.
947;Они входят в ресторан.
948;Мы выходим из машины.
949;Она плывет к лодке.
950;Он прыгает с крыши.
951;Они переезжают в квартиру.
952;Мы вылезаем из окна.
953;Она бежит к вокзалу.
954;Он идет от автобусной остановки.
955;Они входят в офис.
956;Мы выезжаем из города.
957;Она плывет к острову.
958;Он возвращается с отпуска.
959;Они врываются в дом.
960;Мы уходим с вечеринки.
961;Она направляется в спортзал.
962;Он приходит из булочной.
963;Они бегут в класс.
964;Мы выходим из собрания.
965;Она идет в больницу.
966;Он вылетает из аэропорта.
967;Они входят в аудиторию.
968;Мы ускользаем из театра.
969;Она направляется в библиотеку.
970;Он прилетает из Парижа.
971;Они входят в лифт.
972;Мы выбегаем из кинотеатра.
973;Она идет в аптеку.
974;Он возвращается из школы.
975;Они входят в отель.
976;Мы выходим из дома.
977;Она плывет к берегу.
978;Он едет из деревни.
979;Они спешат в класс.
980;Мы выходим из комнаты на цыпочках.
981;Она направляется на концерт.
982;Он возвращается с совещания.
983;Они бегут в парк.
984;Мы покидаем опасную зону.
985;Она едет на пляж.
986;Он летит из Нью-Йорка.
987;Они бродят по лесу.
988;Мы выходим из толпы.
989;Она бежит к финишу.
990;Он возвращается с конференции.
991;Они прыгают в бассейн.
992;Мы крадемся из чердака.
993;Она едет в деревню.
994;Он направляется со станции.
995;Они входят в спортзал.
996;Мы выбегаем из парка.
997;Она идет в офис.
998;Он возвращается из кинотеатра.
999;Они переезжают в новый дом.
1000;Мы выходим из лифта.
1001;Она летит на юг.
1002;Он едет из гор.
1003;Они бегут на стадион.
1004;Мы уходим с мероприятия.
1005;Она направляется в музей.
1006;Он приезжает с востока.
1007;Они ступают на лодку.
1008;Мы выбегаем из рынка.
1009;Она идет в школу.
1010;Он выезжает со станции.
1011;Они врываются в склад.
1012;Мы ускользаем из собрания.
1013;Она направляется в кафе.
1014;Он возвращается из магазина.
1015;Они маршируют в комнату.
1016;Мы убегаем из леса.
1017;Она плывет к берегу реки.
1018;Он едет с фермы.
1019;Они спешат в лекционный зал.
1020;Мы выходим из детской.
1021;Она направляется на детскую площадку.
1022;Он возвращается из университета.
1023;Они входят в автобус.
1024;Мы уходим из сада.
1025;Она бежит к углу.
1026;Он возвращается с мастерской.
1027;Они входят на выставку.
1028;Мы выбегаем из арены.
1029;Она идет на станцию.
1030;Он уходит с терминала.
1031;Они заходят в галерею.
1032;Мы ускользаем из здания.
1033;Она направляется в клинику.
1034;Он возвращается с мастерской.
1035;Они входят в гараж.
1036;Мы не должны чувствовать.
1037;Мне нужно стоять?
1038;Мы можем закрыть.
1039;Мы не показали.
1040;Она не должна ответить.
1041;Я могу помочь вам.
1042;Ты должен закончить домашнее задание.
1043;Ему нужно позвонить матери.
1044;Она умеет хорошо плавать.
1045;Они должны уходить сейчас.
1046;Нам нужно попробовать снова.
1047;Ты умеешь говорить по-испански?
1048;Я должен извиниться.
1049;Тебе нужно сделать перерыв.
1050;Она не может прийти сегодня.
1051;Они не должны опаздывать.
1052;Нам нужно закончить этот проект.
1053;Можно мне задать тебе вопрос?
1054;Я должен посетить собрание.
1055;Тебе нужно есть больше овощей.
1056;Он не может найти свои ключи.
1057;Она должна носить форму.
1058;Нам нужно навестить их.
1059;Ты можешь помочь мне с этим?
1060;Я должен подготовиться к экзамену.
1061;Тебе нужно пить больше воды.
1062;Они не могут остаться здесь.
1063;Мы должны защищать окружающую среду.
1064;Ей нужно слушать своих родителей.
1065;Он может это починить?
1066;Я должен идти сейчас.
1067;Тебе нужно больше практиковаться.
1068;Он не может поднять этот вес.
1069;Мы должны соблюдать правила.
1070;Ей нужно прочитать эту книгу.
1071;Они могут присоединиться к нам?
1072;Я должен закончить этот отчет.
1073;Тебе нужно убрать свою комнату.
1074;Он не умеет плавать.
1075;Они должны выполнить задание.
1076;Нам нужно сохранять спокойствие.
1077;Ты можешь одолжить мне немного денег?
1078;Я должен позвонить своему врачу.
1079;Тебе нужно извиниться.
1080;Она не умеет водить машину.
1081;Он не должен разговаривать во время урока.
1082;Нам нужно организовать встречу.
1083;Можно мне одолжить твою ручку?
1084;Я должен поговорить с менеджером.
1085;Тебе нужно отдохнуть.
1086;Они не могут использовать свои телефоны.
1087;Она должна учиться для теста.
1088;Нам нужно помочь им.
1089;Ты можешь открыть окно?
1090;Я должен посетить семинар.
1091;Тебе нужно носить пальто.
1092;Он не умеет играть на гитаре.
1093;Она не должна опаздывать.
1094;Нам нужно спланировать нашу поездку.
1095;Можно мне немного воды?
1096;Я должен навестить своего друга.
1097;Тебе нужно прочитать инструкции.
1098;Они не могут войти в здание.
1099;Он должен оплатить счета.
1100;Нам нужно подготовиться к тесту.
1101;Ты можешь приготовить ужин?
1102;Я должен немного отдохнуть.
1103;Тебе нужно помыть руки.
1104;Она не умеет кататься на велосипеде.
1105;Они должны убрать свою комнату.
1106;Нам нужно поддерживать связь.
1107;Ты можешь остаться здесь?
1108;Я должен написать письмо.
1109;Тебе нужно слушать музыку.
1110;Он не умеет говорить по-французски.
1111;Она не должна забывать.
1112;Нам нужно улучшить наши навыки.
1113;Можно мне использовать твой телефон?
1114;Я должен связаться с моим адвокатом.
1115;Тебе нужно регулярно заниматься спортом.
1116;Они не могут играть на улице.
1117;Он должен посетить конференцию.
1118;Нам нужно составить план.
1119;Ты можешь одолжить мне свою машину?
1120;Я должен проверить свое расписание.
1121;Тебе нужно завтракать.
1122;Она не умеет хорошо рисовать.
1123;Они не должны быть шумными.
1124;Нам нужно учить новые слова.
1125;Могу ли я помочь тебе с этим?
1126;Я должен починить свой компьютер.
1127;Тебе нужно принимать свои лекарства.
1128;Он не видит хорошо.
1129;Она должна сдать экзамен.
1130;Нам нужно учиться вместе.
1131;Они могут навестить нас завтра?
1132;Я должен встретиться со своим другом.
1133;Тебе нужно позвонить родителям.
1134;Они не могут пойти на вечеринку.
1135;Он не должен использовать мой телефон.
1136;Он читал письмо с 4 до 10 вчера.
1137;Мы отвечали на письмо в 4 вчера.
1138;Ты чувствуешь себя плохо целый день сегодня.
1139;Мы изучали французский целый день вчера.
1140;Ты будешь читать книгу целый день завтра.
1141;Она готовит ужин сейчас.
1142;Они играли в футбол в 5 часов вчера.
1143;Я смотрю фильм прямо сейчас.
1144;Он ехал на работу, когда начался дождь.
1145;Мы будем ждать тебя на станции в 6 вечера.
1146;Она читала книгу, когда зазвонил телефон.
1147;Они обсуждают проект в данный момент.
1148;Я буду работать над своим заданием завтра с 2 до 4.
1149;Он сейчас играет на пианино.
1150;Мы гуляли в парке в это время на прошлой неделе.
1151;Ты будешь лететь в Нью-Йорк в это же время завтра.
1152;Она разговаривала с подругой, когда я её увидел.
1153;Они сейчас обедают.
1154;Я учился для теста весь день вчера.
1155;Он будет встречаться с начальником в 3 часа дня завтра.
1156;Мы сейчас планируем наш отпуск.
1157;Она писала письмо, когда я позвонил.
1158;Они будут ремонтировать дом на следующей неделе.
1159;Я убираю свою комнату прямо сейчас.
1160;Он бегал в парке в 6 утра вчера.
1161;Мы будем навещать бабушку и дедушку в эти выходные.
1162;Она сейчас занимается йогой.
1163;У них было собрание, когда я приехал.
1164;Я буду печь печенье этим вечером.
1165;Он принимает душ прямо сейчас.
1166;Мы смотрели телевизор, когда отключили электричество.
1167;Ты будешь присутствовать на конференции на следующей неделе.
1168;Она готовила ужин, когда я пришёл домой.
1169;Они сейчас готовятся к экзаменам.
1170;Я читал книгу, когда он позвонил.
1171;Он будет убирать гараж завтра.
1172;Мы сейчас украшаем новогоднюю ёлку.
1173;Она поливала растения, когда начался дождь.
1174;Они будут смотреть фильм сегодня вечером.
1175;Я играю на гитаре прямо сейчас.
1176;Он чинил велосипед, когда я его увидел.
1177;Мы будем путешествовать в Париж в следующем месяце.
1178;Она сейчас изучает химию.
1179;Они играли в карты, когда я приехал.
1180;Я буду писать свой отчет сегодня после обеда.
1181;Он сейчас завтракает.
1182;Мы слушали музыку, когда соседи пожаловались.
1183;Ты будешь участвовать в мастер-классе на следующей неделе.
1184;Она смотрела документальный фильм, когда я позвонил.
1185;Они обсуждают новый проект в данный момент.
1186;Я играл в шахматы с другом, когда начался дождь.
1187;Он будет работать допоздна сегодня.
1188;Мы сейчас устраиваем пикник в парке.
1189;Она вязала свитер, когда я её навестил.
1190;Они будут строить новый дом в следующем году.
1191;Я делаю домашнее задание прямо сейчас.
1192;Он бежал в марафоне, когда начался дождь.
1193;Мы будем переезжать в новую квартиру в следующем месяце.
1194;Она сейчас рисует картину.
1195;Они убирали дом, когда я приехал.
1196;Я буду готовить ужин сегодня вечером.
1197;Он сейчас репетирует свою речь.
1198;Мы гуляли по горам, когда началась буря.
1199;Ты будешь сдавать тест завтра.
1200;Она смотрела телевизор, когда зазвонил телефон.
1201;Они сейчас обсуждают.
1202;Я работал над своим проектом, когда отключилось электричество.
1203;Он будет рыбачить в эти выходные.
1204;Мы сейчас играем в настольную игру.
1205;Она выгуливала собаку, когда я её увидел.
1206;Они будут на концерте сегодня вечером.
1207;Я читаю журнал прямо сейчас.
1208;Он чинил машину, когда я позвонил.
1209;Мы поедем в поездку на следующей неделе.
1210;Она сейчас учит испанский.
1211;Они играли в видеоигры, когда я приехал.
1212;Я буду готовиться к экзамену в эти выходные.
1213;Он сейчас тренируется в спортзале.
1214;Мы ужинали, когда отключилось электричество.
1215;Ты будешь праздновать свой день рождения на следующей неделе.
1216;Она читала роман, когда я позвонил.
1217;Они сейчас работают над новым проектом.
1218;Я писал письмо, когда зазвонил телефон.
1219;Он будет путешествовать в Европу в следующем месяце.
1220;Мы сейчас устраиваем барбекю.
1221;Она рисовала картину, когда я её навестил.
1222;Они откроют новый магазин в следующем году.
1223;Я стираю прямо сейчас.
1224;Он играл на пианино, когда я вошел в комнату.
1225;Мы будем присутствовать на свадьбе в следующие выходные.
1226;Она сейчас работает над своей дипломной работой.
1227;Они праздновали свою годовщину, когда я позвонил.
1228;Я буду выгуливать собаку в парке этим вечером.
1229;Он сейчас чинит свой компьютер.
1230;Мы устраивали барбекю, когда начался дождь.
1231;Ты будешь убирать свою комнату завтра утром.
1232;Она шила платье, когда я её навестил.
1233;Они обсуждают свои планы на отпуск в данный момент.
1234;Я просматривал интернет, когда отключилось электричество.
1235;Он будет косить газон сегодня после обеда.
1236;Мне холодно?
1237;У меня не голубые глаза.
1238;Ты здоров.
1239;Вчера было жарко.
1240;Она взрослая.
1241;Он молодой.
1242;Она высокая.
1243;У меня длинные волосы.
1244;У неё карие глаза.
1245;Сегодня холодно.
1246;Вчера было солнечно.
1247;Идет дождь.
1248;Идет снег.
1249;Он старый.
1250;Она худая.
1251;У меня короткие волосы.
1252;У него зеленые глаза.
1253;Сегодня тепло.
1254;Вчера было облачно.
1255;Ветренно.
1256;Туманно.
1257;Он взрослый.
1258;Она маленькая.
1259;У меня темные волосы.
1260;У него светлые глаза.
1261;Сегодня морозно.
1262;Вчера был дождь.
1263;Гремит гром.
1264;Идет град.
1265;Он большой.
1266;Она тяжелая.
1267;У меня тусклые глаза.
1268;У него большие надежды.
1269;Сегодня ярко.
1270;Вчера была буря.
1271;Легкий ветерок.
1272;Моросит дождь.
1273;Он легкий.
1274;Она тощая.
1275;У меня яркие глаза.
1276;У него длинные ноги.
1277;Сегодня пасмурно.
1278;Вчера было ветрено.
1279;Идет буря.
1280;Идет дождь со снегом.
1281;Он высокий.
1282;Она низкая.
1283;У меня яркие волосы.
1284;У него короткие руки.
1285;Сегодня спокойно.
1286;Вчера было туманно.
1287;Моросит туман.
1288;Прохладно.
1289;Он худой.
1290;Она взрослая.
1291;У меня темные глаза.
1292;У него большие ноги.
1293;Сегодня жарко.
1294;Вчера было тепло.
1295;Дует сильный ветер.
1296;Морозит.
1297;Он пожилой.
1298;Она высокая.
1299;У меня светлые волосы.
1300;У него высокий рост.
1301;Сегодня ясно.
1302;Вчера было влажно.
1303;Идет гроза.
1304;Идет сильный снег.
1305;Он низкий.
1306;Она большая.
1307;У меня длинные ресницы.
1308;У него тощие руки.
1309;Сегодня солнечно.
1310;Вчера было холодно.
1311;Льет как из ведра.
1312;Гремит сильный гром.
1313;Он легкий.
1314;Она тусклая.
1315;У меня приподнятое настроение.
1316;У него короткие пальцы.
1317;Сегодня ветерок.
1318;Был дождь.
1319;Ясно.
1320;Идет град на улице.
1321;Он взрослый.
1322;Она легкая.
1323;У меня светлое будущее.
1324;У него сильные руки.
1325;Пасмурно.
1326;Было туманно утром.
1327;Сейчас моросит.
1328;Холодно на улице.
1329;Он высокий.
1330;Она счастливая.
1331;У меня голубые глаза.
1332;У него маленький нос.
1333;Сегодня тепло.
1334;Было облачно.
1335;Льет как из ведра.
1336;Беги к ней.
1337;Не поворачивай его тумбочку.
1338;Не бери мой планшет.
1339;Помни про нас.
1340;Пусть он ответит.
1341;Подойди сюда.
1342;Не ходи туда.
1343;Сядь, пожалуйста.
1344;Встань.
1345;Будь тихим.
1346;Давайте пойдем на прогулку.
1347;Открой окно.
1348;Закрой дверь.
1349;Не ешь это.
1350;Послушай меня.
1351;Возьми эту книгу.
1352;Оставь меня в покое.
1353;Не трогай это.
1354;Скажи мне правду.
1355;Не лги мне.
1356;Посмотри на эту картину.
1357;Выключи свет.
1358;Включи телевизор.
1359;Не бегай в коридоре.
1360;Говори громче.
1361;Не кричи.
1362;Помоги мне, пожалуйста.
1363;Прочитай эту статью.
1364;Напиши письмо.
1365;Не забудь об этом.
1366;Запомни это правило.
1367;Не ломай это.
1368;Подожди меня.
1369;Пока не уходи.
1370;Скажи ей, пожалуйста.
1371;Будь осторожен.
1372;Не опаздывай.
1373;Дай мне руку.
1374;Давайте начнем встречу.
1375;Не разговаривай во время фильма.
1376;Поиграй со мной.
1377;Дай ей сказать.
1378;Не открывай коробку.
1379;Ответь на вопрос.
1380;Не шуми.
1381;Повернись.
1382;Не толкай его.
1383;Давайте читать вместе.
1384;Покажи мне дорогу.
1385;Не забудь свои ключи.
1386;Сохраняй спокойствие.
1387;Не волнуйся.
1388;Следуй за мной.
1389;Не оглядывайся.
1390;Помоги ей, пожалуйста.
1391;Давайте пойдем в кино.
1392;Не бойся.
1393;Останься здесь.
1394;Не плачь.
1395;Приготовь ужин.
1396;Не проливай это.
1397;Приятного аппетита.
1398;Не нарушай правила.
1399;Вымой руки.
1400;Не будь грубым.
1401;Иди спать.
1402;Не перебивай.
1403;Убери свою комнату.
1404;Не используй мой телефон.
1405;Следуй инструкциям.
1406;Не забудь позвонить.
1407;Давайте сделаем перерыв.
1408;Смотри под ноги.
1409;Не ешь слишком много.
1410;Принеси мне книгу.
1411;Не забудь свой зонт.
1412;Пойдем со мной.
1413;Не трогай мои вещи.
1414;Давайте закончим проект.
1415;Не ревнуй.
1416;Включи вентилятор.
1417;Не оставляй дверь открытой.
1418;Улыбнись.
1419;Не игнорируй меня.
1420;Слушай внимательно.
1421;Не теряй надежду.
1422;Давайте путешествовать вместе.
1423;Не устраивай беспорядок.
1424;Закрой дверь на замок.
1425;Не забудь улыбнуться.
1426;Запиши это.
1427;Не забудь дышать.
1428;Давайте помогать друг другу.
1429;Не спорь.
1430;Пожалуйста, будь добр.
1431;Не забудь свою сумку.
1432;Спой песню.
1433;Не разбивай мое сердце.
1434;Потанцуй со мной.
1435;Не обманывай.
1436;Он сбросил вес.
1437;Твой сын просит выключить свет.
1438;Он свалился с пневмонией.
1439;Он взломал дверь.
1440;Цены никогда не падают.
1441;Она отказалась от своей мечты.
1442;Они открыли новый бизнес.
1443;Мы придумали решение.
1444;Он поднял книгу.
1445;Она отложила встречу.
1446;Он столкнулся со старым другом.
1447;Они расстались в прошлом году.
1448;Она пошла в свою мать.
1449;Он отклонил предложение.
1450;Мы ждали вечеринки.
1451;Он выключил телевизор.
1452;Она выбрала красивое платье.
1453;Они преодолели свои разногласия.
1454;Он надел пальто.
1455;Она присматривала за детьми.
1456;Он вернулся поздно.
1457;Они отправились в путешествие.
1458;Она разрыдалась.
1459;Он занялся новым хобби.
1460;Мы уступили их требованиям.
1461;Она посмотрела слово.
1462;Он вынес мусор.
1463;Они потеряли надежду.
1464;Мы отправились рано.
1465;Он ждал отпуска.
1466;Она сняла туфли.
1467;Они наткнулись на старого друга.
1468;Он терпел шум.
1469;Она переболела гриппом.
1470;Они установили правила.
1471;Он присматривал за собакой.
1472;Она придумала план.
1473;Он выбрал лучший.
1474;Они отложили мероприятие.
1475;Она столкнулась со своим учителем.
1476;Он расстался с ней.
1477;Они пошли в своего отца.
1478;Мы отклонили приглашение.
1479;Он ждал концерта.
1480;Она выключила свет.
1481;Они собрали кусочки.
1482;Он преодолел разочарование.
1483;Она надела перчатки.
1484;Он посмотрел информацию.
1485;Они вернулись с поездки.
1486;Она запустила фейерверки.
1487;Он разрушил барьер.
1488;Они приняли вызов.
1489;Мы поддались искушению.
1490;Он ухаживал за растениями.
1491;Она достала свой блокнот.
1492;Они уступили свои места.
1493;Мы отправились в новое приключение.
1494;Он ждал праздников.
1495;Она сняла шляпу.
1496;Они наткнулись на хорошую идею.
1497;Он терпел жару.
1498;Она преодолела свой страх.
1499;Они поставили свои сумки.
1500;Он следил за своим здоровьем.
1501;Она придумала отговорку.
1502;Он выбрал фильм.
1503;Они отложили решение.
1504;Она столкнулась с одноклассником.
1505;Он разнял драку.
1506;Они пошли в своих бабушку и дедушку.
1507;Мы убавили громкость.
1508;Он ждал встречи.
1509;Она выключила телефон.
1510;Они собрали мусор.
1511;Он преодолел свою печаль.
1512;Она накрасилась.
1513;Он восхищался своим отцом.
1514;Они снова сошлись.
1515;Она отправилась на работу.
1516;Он расхохотался.
1517;Они приняли предложение.
1518;Мы поддались эмоциям.
1519;Он следил за домом.
1520;Она достала ручку.
1521;Они прекратили поиски.
1522;Мы отправились на вершину.
1523;Он ждал выхода на пенсию.
1524;Она сняла куртку.
1525;Они наткнулись на возможность.
1526;Он смирился с задержкой.
1527;Она пережила расставание.
1528;Они установили руководящие принципы.
1529;Он присматривал за своей сестрой.
1530;Она придумала шутку.
1531;Он выбрал подарок.
1532;Они отложили свои планы.
1533;Она столкнулась с соседом.
1534;Он прервал встречу.
1535;Они пошли в своего дядю.
1536;Он только что вышел.
1537;Думаю, что я видел вас где-то.
1538;Я выполнил работу.
1539;Я уже написал письмо своему другу.
1540;Он только что посетил этот супермаркет.
1541;Она никогда не была в Париже.
1542;Мы недавно переехали в новый дом.
1543;Они всегда любили путешествовать.
1544;Ты уже закончил свою домашнюю работу.
1545;Я не видел его в последнее время.
1546;Я потерял свои ключи.
1547;Она только что закончила свой проект.
1548;Мы никогда раньше не встречались.
1549;Они купили новую машину.
1550;Он написал три книги.
1551;Я только что пообедал.
1552;Она уже убралась в доме.
1553;Мы несколько раз посещали Лондон.
1554;Они никогда не ели суши.
1555;Ты только что сдал экзамен.
1556;Я никогда не был так счастлив.
1557;Она только что позвонила мне.
1558;Мы уже собрали свои вещи.
1559;Они уже видели этот фильм.
1560;Он никогда не путешествовал за границей.
1561;Я только что получил подарок.
1562;Она уже приготовила ужин.
1563;Мы никогда не слышали эту песню.
1564;Они только что прибыли в аэропорт.
1565;Он потерял свой кошелек.
1566;Я никогда не был в этом ресторане.
1567;Она только что приняла решение.
1568;Мы уже начали встречу.
1569;Они видели Эйфелеву башню.
1570;Он никогда не играл в эту игру.
1571;Я только что прочитал эту книгу.
1572;Она уже приняла душ.
1573;Мы никогда не посещали этот музей.
1574;Они только что ушли с вечеринки.
1575;Он нашел свои очки.
1576;Я никогда не пробовал это блюдо.
1577;Она только что завершила задание.
1578;Мы уже закончили проект.
1579;Они видели северное сияние.
1580;Он никогда не водил машину.
1581;Я только что посмотрел этот фильм.
1582;Она уже помыла посуду.
1583;Мы никогда не были в этой стране.
1584;Они только что купили дом.
1585;Он потерял свой телефон.
1586;Я никогда не поднимался на гору.
1587;Она только что закончила тренировку.
1588;Мы уже отправили приглашение.
1589;Они видели Гранд-Каньон.
1590;Он никогда не плавал в океане.
1591;Я только что проверил свою почту.
1592;Она уже приготовила завтрак.
1593;Мы никогда не посещали это мероприятие.
1594;Они только что вернулись с отпуска.
1595;Он нашел новую работу.
1596;Я никогда не играл на пианино.
1597;Она только что покрасила комнату.
1598;Мы уже обсудили этот вопрос.
1599;Они видели Статую Свободы.
1600;Он никогда не ездил верхом на лошади.
1601;Я только что поговорил с моим начальником.
1602;Она уже закончила свою домашнюю работу.
1603;Мы никогда не были в этом городе.
1604;Они только что продали свою машину.
1605;Он потерял свой паспорт.
1606;Я никогда не пек торт.
1607;Она только что организовала файлы.
1608;Мы уже забронировали билеты.
1609;Они видели пирамиды Гизы.
1610;Он никогда не летал на самолете.
1611;Я только что написал отчет.
1612;Она уже заправила кровать.
1613;Мы никогда не ели в этом ресторане.
1614;Они только что усыновили питомца.
1615;Он нашел свои ключи.
1616;Я никогда не посещал концерт.
1617;Она только что убралась на кухне.
1618;Мы уже завершили задачу.
1619;Они видели Великую Китайскую стену.
1620;Он никогда не готовил ужин.
1621;Я только что поговорил с моим другом.
1622;Она уже приняла лекарство.
1623;Мы никогда не посещали этот остров.
1624;Они только что убрали свою комнату.
1625;Он потерял свою шляпу.
1626;Я никогда не катался на лыжах.
1627;Она только что написала письмо.
1628;Мы уже решили проблему.
1629;Они видели Ниагарский водопад.
1630;Он никогда не брал такси.
1631;Я только что позавтракал.
1632;Она уже сложила белье.
1633;Мы никогда не участвовали в этом мероприятии.
1634;Они только что покрасили забор.
1635;Он нашел свой кошелек.
1636;Я не успел закончить проект к началу той недели.
1637;Он сделал домашнее задание до того, как его родители вернулись домой?
1638;Он уже написал письмо, когда ты вошел?
1639;Вы вернулись домой до того, как начался дождь.
1640;Когда мы приехали на станцию, поезд уже ушел.
1641;Они ушли к тому времени, как мы приехали.
1642;Она приготовила ужин до прихода гостей.
1643;Я никогда не видел такого красивого заката раньше.
1644;Он закончил свою работу до дедлайна.
1645;К тому времени, когда ты позвонил, я уже лег спать.
1646;Мы жили в том доме десять лет, прежде чем переехали.
1647;Она закончила учебу к 2018 году.
1648;Они посетили многие страны, прежде чем осели.
1649;Фильм уже начался, когда мы приехали в кинотеатр.
1650;Я уже поел, до того как ты пришел.
1651;К тому времени, как он пришел домой, она уже легла спать.
1652;Мы накопили достаточно денег, чтобы купить новую машину.
1653;Ты когда-нибудь бывал в Лондоне до своей поездки в прошлом году?
1654;Он убрал дом до прихода родителей.
1655;Я никогда не слышал эту песню до сегодняшнего дня.
1656;К тому времени, как мы добрались до магазина, он уже закрылся.
1657;Она выучила французский язык до переезда в Париж.
1658;Они закончили проект до дедлайна.
1659;Я уже видел этот фильм до того, как посмотрел его снова прошлой ночью.
1660;К тому времени, как вечеринка началась, все уже пришли.
1661;Он никогда не был так счастлив до встречи с ней.
1662;Мы завершили задачу до того, как босс проверил ее.
1663;К тому времени, как она позвонила, я уже ушел из офиса.
1664;Они уже поели, когда мы приехали.
1665;Я только что закончил домашнее задание, когда зазвонил телефон.
1666;Она уже легла спать к тому времени, как он пришел домой.
1667;Мы переехали в наш новый дом до начала зимы.
1668;К тому времени, как мы приехали на пляж, солнце уже село.
1669;Он прочитал книгу до того, как посмотрел фильм.
1670;Я никогда не встречал ее до вечеринки прошлой ночью.
1671;Они уже ушли, когда я приехал.
1672;Она приготовила ужин до того, как дети вернулись домой.
1673;К тому времени, как я проснулся, дождь уже закончился.
1674;Мы жили в трех разных странах, прежде чем осели здесь.
1675;Он починил машину до того, как она понадобилась.
1676;Я уже собрал свои вещи, до того как ты позвонил.
1677;Они убрали дом до прихода гостей.
1678;Она изучала английский язык до переезда в Великобританию.
1679;К тому времени, как началась встреча, все уже пришли.
1680;Он уже сделал домашнее задание, до того как его друзья пришли.
1681;Мы спланировали нашу поездку до бронирования билетов.
1682;Я никогда не пробовал суши до своей поездки в Японию.
1683;Они жили в одном доме 20 лет, прежде чем переехали.
1684;Она уже приготовила завтрак к тому времени, как я проснулся.
1685;К тому времени, как шоу началось, мы нашли свои места.
1686;Он работал в компании пять лет, прежде чем уволился.
1687;Я никогда не видел такой красивой картины раньше.
1688;Они продали свой дом до переезда за границу.
1689;Она уже закончила свою книгу к тому времени, как библиотека закрылась.
1690;К тому времени, как самолет приземлился, я уже уснул.
1691;Мы накопили достаточно денег, прежде чем купили машину.
1692;Он усердно учился до экзамена.
1693;Я уже ушел из офиса к тому времени, как ты приехал.
1694;Они закончили свою работу до дедлайна.
1695;Она приготовила ужин до прихода мужа.
1696;К тому времени, как взошло солнце, мы уже достигли вершины.
1697;Он никогда не путешествовал на самолете раньше.
1698;Я закончил свою работу до обеда.
1699;Мы никогда не посещали этот музей до прошлого уикенда.
1700;Она уже ушла, когда я приехал.
1701;Они никогда не видели снег до своей поездки в Канаду.
1702;К тому времени, как фильм закончился, я уже уснул.
1703;Он починил крышу до того, как начался шторм.
1704;Я никогда не пробовал такую вкусную еду раньше.
1705;Мы уже приняли решение до того, как они сделали объявление.
1706;Она убрала дом до прихода друзей.
1707;Они жили в городе десять лет, прежде чем переехали в деревню.
1708;К тому времени, как концерт начался, мы нашли свои места.
1709;Он изучал французский язык до своей поездки во Францию.
1710;Я закончил читать книгу до закрытия библиотеки.
1711;К тому времени, как гости пришли, она уже накрыла на стол.
1712;Он починил велосипед до гонки.
1713;Мы накопили достаточно денег, чтобы поехать в отпуск.
1714;Я уже поел, до того как они пригласили меня на ужин.
1715;Она написала три главы до того, как сделала перерыв.
1716;Они ушли с вечеринки до того, как стало слишком поздно.
1717;К тому времени, как взошло солнце, мы достигли вершины.
1718;Он убрал гараж до возвращения родителей.
1719;Я никогда не был так напуган до той ночи.
1720;Мы закончили работу до того, как отключили электричество.
1721;Она приготовила вкусную еду до прихода гостей.
1722;Они жили в нескольких странах, прежде чем осели здесь.
1723;К тому времени, как фильм начался, я уже прочитал книгу.
1724;Он уже сходил к врачу, до того как позвонил мне.
1725;Я никогда не пробовал такое острое блюдо раньше.
1726;Мы завершили проект до дедлайна.
1727;Она собрала свои вещи до поездки.
1728;Они закончили игру до того, как начался шторм.
1729;К тому времени, как шоу началось, мы нашли свои места.
1730;Он никогда не был в этом городе до своей поездки в прошлом году.
1731;Я сохранил все свои документы до того, как компьютер сломался.
1732;Мы уже забронировали билеты до того, как они закончились.
1733;Она убрала дом до прихода семьи.
1734;Они достигли вершины до начала шторма.
1735;К тому времени, как фильм закончился, я уже уснул.
1736;Ученики займут свои места до того, как начнется урок.
1737;Они не успеют выиграть три игры к концу месяца.
1738;Я уже окончу эту работу до того, как вы возвратитесь.
1739;Они еще не отгрузят товар, когда придет ваша телеграмма.
1740;Я не закончу писать доклад к вечеру.
1741;К тому времени, как ты вернешься домой, я уже приготовлю ужин.
1742;Она закончит домашнее задание до начала фильма.
1743;Они построят дом к следующему году.
1744;Мы завершим проект к дедлайну.
1745;Он прочтет книгу до экзамена.
1746;К тому времени, как гости придут, она уже накроет на стол.
1747;Я накоплю достаточно денег к концу года.
1748;Они уйдут с вечеринки до полуночи.
1749;Он починит машину до поездки.
1750;Мы покрасим дом к тому времени, как ты нас навестишь.
1751;Она научится водить к своему следующему дню рождения.
1752;К тому времени, как мы приедем, они уже поужинают.
1753;Я напишу отчет к концу недели.
1754;Они посетят пять стран к концу года.
1755;Он закончит университет к следующему лету.
1756;Мы переедем в наш новый дом к Рождеству.
1757;Она завершит свою тренировку к концу месяца.
1758;К тому времени, как ты прочитаешь это, я уже уйду.
1759;Они закончат строительство к следующей весне.
1760;Я верну книгу до закрытия библиотеки.
1761;Он починит крышу до начала дождя.
1762;Мы забронируем билеты к концу дня.
1763;Она напишет три главы до дедлайна.
1764;Они достигнут вершины до восхода солнца.
1765;Я закончу презентацию к началу встречи.
1766;К тому времени, как ты приедешь, они уже уберутся в доме.
1767;Он накопит достаточно денег, чтобы купить машину к следующему году.
1768;Мы выучим все новые слова к концу курса.
1769;Она закончит учебу к тому времени, как выйдет замуж.
1770;Они посетят все музеи в городе к концу недели.
1771;Я напишу статью до дедлайна.
1772;Он починит компьютер до встречи.
1773;Мы покрасим забор к выходным.
1774;Она закончит свой роман к следующему месяцу.
1775;Они переедут в новый город к началу учебного года.
1776;К тому времени, как ты приедешь, я уже приготовлю ужин.
1777;Он закончит учебу к тому времени, как ему исполнится 22 года.
1778;Мы накопим достаточно денег, чтобы купить дом к концу года.
1779;Она завершит проект к возвращению босса.
1780;Они объедут весь мир к следующему году.
1781;Я закончу домашнее задание до ужина.
1782;Он прочитает все книги из списка к концу месяца.
1783;Мы выучим испанский язык к тому времени, как поедем в Испанию.
1784;Она напишет новую песню к концу недели.
1785;Они переедут в свою новую квартиру к следующему месяцу.
1786;К тому времени, как ты проснешься, я уже уйду на работу.
1787;Он закончит тренировку к тому времени, как я приеду.
1788;Мы приготовим ужин до прихода гостей.
1789;Она завершит свое исследование к концу семестра.
1790;Они накопят достаточно денег на отпуск к следующему лету.
1791;Я прочитаю книгу до выхода фильма.
1792;Он починит велосипед до выходных.
1793;Мы уберемся в доме до начала вечеринки.
1794;Она напишет свою диссертацию к следующей весне.
1795;Они закончат сдавать экзамены к концу недели.
1796;К тому времени, как ты приедешь, я уже накрою на стол.
1797;Он накопит достаточно денег, чтобы купить новый телефон к следующему месяцу.
1798;Мы закончим красить дом к следующим выходным.
1799;Она завершит свою тренировку до соревнования.
1800;Они уберут сад к приходу родителей.
1801;Я напишу сценарий к концу дня.
1802;Он починит лодку до лета.
1803;Мы приготовим все блюда к началу вечеринки.
1804;Она закончит свою презентацию к завтрашнему дню.
1805;Они переедут в новый дом к рождению их ребенка.
1806;К тому времени, как ты приедешь, я уже приготовлю завтрак.
1807;Он накопит достаточно денег, чтобы купить новый ноутбук к следующему году.
1808;Мы закончим украшать дом к Рождеству.
1809;Она напишет новую книгу к концу года.
1810;Они накопят достаточно денег, чтобы купить новую машину к следующему лету.
1811;Я завершу проект к концу месяца.
1812;Он создаст новый сайт к следующей неделе.
1813;Мы посадим все цветы к приходу весны.
1814;Она выучит новый язык к тому времени, как поедет за границу.
1815;Они организуют мероприятие к приходу босса.
1816;К тому времени, как ты закончишь, я уже уйду.
1817;Он прочитает все статьи к концу дня.
1818;Мы уберем гараж до выходных.
1819;Она закончит свою скульптуру к следующему месяцу.
1820;Они накопят достаточно денег, чтобы начать бизнес к следующему году.
1821;Я закончу свою картину до выставки.
1822;Он починит велосипед к тому времени, как он тебе понадобится.
1823;Мы приготовим всю еду до прихода гостей.
1824;Она напишет отчет к началу встречи.
1825;Они переедут в новый дом к концу месяца.
1826;К тому времени, как ты приедешь, я уже закончу свою работу.
1827;Он накопит достаточно денег, чтобы купить новую машину к следующему году.
1828;Мы покрасим гостиную к выходным.
1829;Она завершит свой проект к концу семестра.
1830;Они уберут чердак к приходу родителей.
1831;Я напишу книгу к концу года.
1832;Он починит крышу к началу шторма.
1833;Мы приготовим ужин к твоему приходу.
1834;Она завершит свою диссертацию к следующей весне.
1835;Они сдадут свои экзамены к концу семестра.
1836;Она готовит ужин уже три часа.
1837;Я пекла этот пирог с самого утра.
1838;Рабочие пытаются сдвинуть наш шкаф с места вот уже полчаса.
1839;Я читаю этот журнал с тех пор, как купил его неделю назад.
1840;Я жду свою маму уже давно.
1841;Он учится к экзамену с прошлой недели.
1842;Они строят новый дом уже шесть месяцев.
1843;Она работает в компании уже пять лет.
1844;Я изучаю английский язык уже три года.
1845;Дети играют во дворе с самого утра.
1846;Он смотрит телевизор уже два часа.
1847;Мы ждем автобус уже 20 минут.
1848;Она путешествует по Европе уже месяц.
1849;Я пытаюсь починить машину с вчерашнего дня.
1850;Они живут в этом городе с 2010 года.
1851;Он занимается на пианино уже час.
1852;Мы ищем новую квартиру уже две недели.
1853;Она читает эту книгу уже месяц.
1854;Я пользуюсь этим компьютером уже пять лет.
1855;Собака лает уже десять минут.
1856;Они обсуждают проект с утра.
1857;Он пишет свою дипломную работу уже шесть месяцев.
1858;Мы гуляем в парке уже час.
1859;Она рисует картину с прошлой недели.
1860;Я убираюсь в доме весь день.
1861;Они ходят по магазинам с 10 утра.
1862;Он чинит велосипед уже два часа.
1863;Мы играем в шахматы уже час.
1864;Она готовит с утра.
1865;Я работаю над этим проектом уже три дня.
1866;Они тренируются к марафону уже шесть месяцев.
1867;Он занимается фотографией с подросткового возраста.
1868;Мы стоим в очереди уже 30 минут.
1869;Она вяжет свитер уже неделю.
1870;Я пишу этот отчет весь день.
1871;Дети играют в видеоигры с утра.
1872;Он преподает в университете уже десять лет.
1873;Мы обсуждаем новую политику уже час.
1874;Она занимается в спортзале уже два часа.
1875;Я изучаю французский уже шесть месяцев.
1876;Они занимаются садоводством с утра.
1877;Он пишет свой роман уже год.
1878;Мы смотрим этот сериал уже месяц.
1879;Она готовится к экзамену уже неделю.
1880;Я слушаю музыку с утра.
1881;Собака копает во дворе уже 15 минут.
1882;Они разговаривают по телефону уже час.
1883;Он чинит крышу с вчерашнего дня.
1884;Мы ждем врача уже 40 минут.
1885;Она ведет дневник с детства.
1886;Я читаю эту книгу уже неделю.
1887;Они красят забор с утра.
1888;Он играет на гитаре уже два часа.
1889;Мы украшаем дом к Рождеству с вчерашнего дня.
1890;Она учится водить машину уже шесть месяцев.
1891;Я ищу свои ключи уже полчаса.
1892;Дети строят домик на дереве с утра.
1893;Он собирает марки с детства.
1894;Мы ходим в горы уже три часа.
1895;Она печет печенье весь день.
1896;Я учусь к тесту с утра.
1897;Они организуют вечеринку уже неделю.
1898;Он чинит машину с прошлой ночи.
1899;Мы убираем сад с самого утра.
1900;Она планирует поездку уже месяц.
1901;Я смотрю этот документальный фильм уже час.
1902;Рабочие красят стены уже два дня.
1903;Он работает над своей дипломной работой с лета.
1904;Мы ремонтируем дом уже три месяца.
1905;Она ходит по магазинам с полудня.
1906;Я рисую эту картину уже неделю.
1907;Они занимаются йогой уже шесть месяцев.
1908;Он строит модель самолета с прошлой недели.
1909;Мы ждем поезд уже час.
1910;Она преподает в школе уже десять лет.
1911;Я пишу это письмо с утра.
1912;Дети играют на улице уже три часа.
1913;Он чинит компьютер уже два часа.
1914;Мы обсуждаем новый проект с понедельника.
1915;Она читает этот роман уже месяц.
1916;Я учусь играть на пианино уже шесть месяцев.
1917;Они пишут сценарий уже год.
1918;Он красит дом с прошлого месяца.
1919;Мы чиним крышу с прошлых выходных.
1920;Она готовит презентацию уже две недели.
1921;Я читаю эту статью с утра.
1922;Рабочие устанавливают новую систему с вчерашнего дня.
1923;Он работает над проектом уже шесть месяцев.
1924;Мы красим забор с утра.
1925;Она изучает медицину уже пять лет.
1926;Я организую свои файлы с прошлой ночи.
1927;Дети рисуют картинки уже час.
1928;Он рыбачит с рассвета.
1929;Мы пытаемся решить эту проблему уже два часа.
1930;Она учится шить уже три месяца.
1931;Я убираюсь в своей комнате с утра.
1932;Они играют в футбол уже два часа.
1933;Он читает газету с завтрака.
1934;Мы работаем в саду уже неделю.
1935;Она печет хлеб уже два часа.
1936;С тех пор показатель быстро рос.
1937;Его руки были грязные, потому что он копал.
1938;Они разговаривали больше часа, до того как он пришел.
1939;Был час ночи, а соседская собака лаяла уже два часа.
1940;Моя собака играла уже полчаса перед тем, как мы пошли гулять.
1941;Она изучала английский три года, прежде чем переехала в Великобританию.
1942;Я ждал автобус двадцать минут, когда он наконец пришел.
1943;Они жили в этом доме пять лет, прежде чем решили его продать.
1944;Он работал в компании десять лет, когда его повысили.
1945;Мы ходили в поход уже несколько часов, прежде чем нашли идеальное место для лагеря.
1946;Она готовилась к интервью всю неделю перед этим важным днем.
1947;Я готовил ужин час, прежде чем гости пришли.
1948;Они ехали шесть часов, когда решили сделать перерыв.
1949;Он читал книгу с утра, прежде чем сделал перерыв.
1950;Мы репетировали песню несколько недель перед концертом.
1951;Она чувствовала себя плохо несколько дней, прежде чем решила пойти к врачу.
1952;Я убирался в доме все утро, прежде чем пришли гости.
1953;Они копили деньги несколько лет, прежде чем купили свой первый дом.
1954;Он чинил машину два часа, прежде чем понял, в чем была проблема.
1955;Мы готовились к экзамену с прошлого месяца.
1956;Она писала отчет несколько дней, прежде чем закончила его.
1957;Я работал над проектом неделю, прежде чем отправил его.
1958;Они обсуждали план несколько часов, прежде чем пришли к соглашению.
1959;Он играл на гитаре час, прежде чем сделал перерыв.
1960;Мы гуляли в парке час, прежде чем начался дождь.
1961;Она вязала шарф несколько недель, прежде чем закончила его.
1962;Я искал свои ключи час, прежде чем нашел их.
1963;Они смотрели телевизор несколько часов, прежде чем пошли спать.
1964;Он изучал испанский год, прежде чем переехал в Испанию.
1965;Мы украшали дом к Рождеству, прежде чем пришли гости.
1966;Она рисовала картину месяц, прежде чем закончила ее.
1967;Я читал статью час, прежде чем понял ее смысл.
1968;Они организовывали мероприятие несколько недель, прежде чем оно состоялось.
1969;Он плавал два часа, прежде чем вышел из бассейна.
1970;Мы занимались в спортзале час, прежде чем устали.
1971;Она готовила несколько часов, прежде чем подала ужин.
1972;Я фотографировал для проекта с прошлого месяца.
1973;Они готовились к поездке год, прежде чем отправились.
1974;Он ждал своего друга полчаса, прежде чем тот пришел.
1975;Мы строили модель самолета несколько недель, прежде чем она была завершена.
1976;Она говорила по телефону час, прежде чем повесила трубку.
1977;Я занимался садоводством несколько часов, прежде чем сделал перерыв.
1978;Они готовились к тесту неделю, прежде чем сдали его.
1979;Он чинил крышу с утра, прежде чем завершил работу.
1980;Мы тренировались к марафону несколько месяцев, прежде чем настал большой день.
1981;Она шила платье неделю, прежде чем закончила его.
1982;Я читал этот роман с прошлого года, прежде чем закончил его.
1983;Они путешествовали несколько недель, прежде чем достигли пункта назначения.
1984;Он убирался в гараже несколько часов, прежде чем сделал перерыв.
1985;Мы обсуждали предложение несколько дней, прежде чем согласились.
1986;Она красила забор несколько часов, прежде чем закончила работу.
1987;Я рисовал эту картину месяц, прежде чем закончил ее.
1988;Они пекли печенье несколько часов, прежде чем оно было готово.
1989;Он преподавал в школе несколько лет, прежде чем вышел на пенсию.
1990;Мы убирались в доме несколько часов, прежде чем он стал безупречно чистым.
1991;Она занималась на пианино час, прежде чем сделала перерыв.
1992;Я читал эту книгу неделю, прежде чем закончил ее.
1993;Они украшали зал несколько часов, прежде чем началось мероприятие.
1994;Он бегал час, прежде чем устал.
1995;Мы готовились к презентации всю неделю перед этим важным днем.
1996;Она работала над проектом месяц, прежде чем представила его.
1997;Я чинил машину несколько часов, прежде чем понял проблему.
1998;Они писали сценарий год, прежде чем он был завершен.
1999;Он учился играть на гитаре несколько месяцев, прежде чем выступил.
2000;Мы обсуждали проблему несколько часов, прежде чем нашли решение.
2001;Она занималась садоводством несколько часов, прежде чем сделала перерыв.
2002;Я занимался спортом час, прежде чем почувствовал усталость.
2003;Они чинили компьютер несколько часов, прежде чем он наконец заработал.
2004;Он гулял с собакой час, прежде чем вернулся домой.
2005;Мы слушали радио несколько часов, прежде чем выключили его.
2006;Она рисовала несколько дней, прежде чем закончила свою работу.
2007;Я красил стены с утра, прежде чем закончил.
2008;Они планировали свадьбу несколько месяцев перед важным днем.
2009;Он готовился к экзамену несколько недель, прежде чем сдал его.
2010;Мы убирали на чердаке несколько часов, прежде чем он опустел.
2011;Она читала рукопись несколько дней, прежде чем дала отзыв.
2012;Я готовил несколько часов, прежде чем понял, что забыл ингредиент.
2013;Они репетировали спектакль несколько месяцев перед премьерой.
2014;Он учился водить машину несколько недель, прежде чем получил права.
2015;Мы обсуждали контракт несколько дней, прежде чем подписали его.
2016;Она занималась йогой час, прежде чем почувствовала расслабление.
2017;Я смотрел новости несколько часов, прежде чем переключился на фильм.
2018;Они чинили забор несколько часов, прежде чем завершили работу.
2019;Он играл в шахматы час, прежде чем выиграл партию.
2020;Мы исследовали город несколько часов, прежде чем нашли ресторан.
2021;Она изучала карту час, прежде чем узнала маршрут.
2022;Я организовывал свои бумаги несколько часов, прежде чем закончил.
2023;Они рыбачили с утра, прежде чем поймали рыбу.
2024;Он готовил сад к зиме несколько недель.
2025;Мы пекли торт несколько часов, прежде чем он был готов.
2026;Она вязала одеяло несколько месяцев, прежде чем закончила его.
2027;Я играл на пианино час, прежде чем почувствовал уверенность.
2028;Они ходили по лесу несколько часов, прежде чем нашли тропинку.
2029;Он писал в своем дневнике несколько дней, прежде чем поделился им.
2030;Мы лепили снеговика час, прежде чем он начал таять.
2031;Она читала детям сказки на ночь много лет.
2032;Я медитировал час, прежде чем почувствовал спокойствие.
2033;Они ждали на автобусной остановке несколько часов, прежде чем приехал автобус.
2034;Он готовил кофе для своей семьи каждое утро много лет.
2035;Мы украшали елку несколько часов, прежде чем она стала идеальной.
